username,handle,text,reply,retweet,like
Hindi Motivation,@VaibhavdwivediG,"à¤¦à¥à¤¨à¤¿à¤¯à¤¾ à¤®à¥‡ à¤…à¤—à¤° à¤›à¥‹à¤¡à¤¼à¤¨à¥‡ à¤œà¥ˆà¤¸à¤¾ à¤•à¥à¤› à¤¹à¥ˆ, à¤¤à¥‹ à¤¦à¥‚à¤¸à¤°à¥‹ à¤¸à¥‡ à¤‰à¤®à¥€à¤¦ à¤²à¤—à¤¾à¤¨à¤¾ à¤›à¥‹à¤¡à¤¼ à¤¦à¥‹à¥¤ #bestquotes #trending
@VaibhavdwivediG
 Your well wisher.",,,1
Luis,@LuyyzRodz,#Risa #Parati #Viral #ForYou #Trending #comedy #comediante #comedia #ComediaNegra #Gracioso #entiendo https://instagram.com/p/CQtHXZsBSqQ/?utm_medium=twitterâ€¦,,,
MongoDB,@MongoDB,PromotedLearn all about the document data model and use cases where you can put document databases to work.,20,371,831
VIVAcoid,@VIVAcoid,"#TRENDING

Lewat Channel YouTube Oki Setiana Dewi keduanya berbagi cerita, mulai dari awal mula taaruf hingga seperti apa latar belakang keluarga Nadzira Shafa. Selengkapnya https://bit.ly/3doahT2
#vivacoid #nadzirashafaBerjodoh dengan Ameer Azzikra, Nadzira Shafa: Kaya Dapat Durian Runtuh
Perjalanan cinta Ameer Azzikra dan Nadzira Shafa menarik perhatian publik. Seperti apa perjalanan kisahnya hingga tertarik nikah?
viva.co.id",1,,
Peps,@pepsindustries,"COME PLAY! Take a screenshot and find out why you should stay in bed today. Tell us what you got in the comments.

#Peps #PepsIndia #Mornings #StayPepped #DreamMakers #Mornings #Fresh #DreamBig #ScreenshotGame #StayInBed #Sleep #Mattress #Sleepyhead #Room #Trending #Viral",,,
TheUnoriginalComics,@UnOrignalComics,When You WIN THE LOTTERY!!.. you wonâ€™t believe what happens next #WWYD #Like #lottery #win #TVShow #caughtin4k #comedylife #FYP #Skits #FunnyVideos #viral #viraltweets #Funnyskit #humor #Trending #funnyvideosclips #comedy #laughing #sketches #tuesdayvibe #youtubers,,,
Boomplay Music KE,@BoomplayMusicKE,"Keep streaming and spreading the love on the #LoveLikeThis album by 
@BahatiKenya
 exclusively on #Boomplay 

Link  http://Boom.lnk.to/BahatiLoveLikeLoveLikeThisAlbumâ€¦

#LoveLikeThisAlbumonBoomplay #HomeOfMusic #NewMusic #Album #Bahati #LoveLikeThisAlbum #OutNow #NewAlbum #NewAlbumAlert #Trending",,,
SianOnlyFans,@sian_fans,â€œTaste just like Hersheyâ€™sâ€ Follow the link. Do your thing  #explorepage #f4f #onlyfans #sellingcontent #subscribe #18plus #followthelink #onlyfanspromo #AdultWork #curveygirls #LGBTQ #onlyfansgirl #ExpliciteContent #retweet #underwear #trending,,4,2
burgeroritosofficial,@burgeroritos,Guess the emoji  #emoji #Viral #Trending,,,2
Implisense,@Implisense,"Beliebt in  Frankreich: MÃ¼nz- und Edelmetallhandel Andreas Fenzl GmbH aus GÃ¶ttingen, Deutschland (â€¦) #Trending https://implisen.se/DE148UHQ5246",,,
2sense,@2sense9,We are 2sense! A homemade candle business who will provide candles which can turn your listening experience into a delicious smell! LAUNCHING JULY 30TH! BE READY #candles #business #smallbusiness #candlebusiness #trending #cool #candle #BillieEilish #lol #BTS #royalehigh #WOW #,,,
Preeti Sharma,@PreetiS57434104,"à¤¸à¥à¤¨ à¤ªà¤—à¤²à¥‡ â€“ à¤¦à¤¿à¤² à¤œà¤¿à¤¤à¤¨à¤¾ à¤¸à¥€à¤– à¤²à¥‡, à¤µà¤°à¥à¤¨à¤¾ à¤œà¤‚à¤— à¤œà¤¿à¤¤à¤¨à¥‡ à¤®à¥ˆà¤‚ à¤¤à¥‹ à¤¹à¤® à¤­à¥€ à¤®à¤¾à¤¹à¥‡à¤° à¤¹à¥ˆâ€¦
#beautifuldestinations #beautifulcuisines #beautifulgirls #beautifulplaces #beautifulactress#reels #instagram #love #reelsinstagram #tiktok #instagood #trending #follow #like #explore #explorepage #viral #reels",,,
giselle24,@giselle13031511,"16 year old Liu Yifei in â€˜Chinese Paladinâ€™ drama

#LiuYifei #CrystalLiu #åˆ˜äº¦è² #æ¢¦åå½• #Mulan #MengHuaLu #chinesegirl #Disney #chinese #Netflix #Trending #ChinesePaladin #ä»™å‰‘å¥‡ä¾ ä¼  #ä»™åŠå¥‡ä¿ å‚³ #cdrama #ì†¡ìŠ¹í—ŒGIF",,,1
SnGlobe,@SnGlobe,"Twitter India MD booked by UP cops for map showing J&K, Ladakh outside India â€“ The News Minute https://zpr.io/aMsU8jYS8TTB #SnGlobe #Top News  #TrendingTwitter India MD booked by UP cops for map showing J&K, Ladakh outside India - The News Minute |...
A map of India on the career section of the Twitter website under the header â€˜Tweep Lifeâ€™, had shown the Union Territories of Ladakh, Jammu and Kashmir outside India. Twitter India Managing Director...
snglobe.com",,,
Real Marsha WrightÂ® | www.RECIPROCATE.network,@marshawright,"Breaking: Sony acquires Returnal developer Housemarque, hints Bluepoint is next https://theverge.com/2021/6/29/22555358/sony-housemarque-returnal-developer-acquisition-bluepointâ€¦ #tech #trending #socialmedia",,2,3
Monu Sinha,@MonuSin86426760,Reality  #relationship #Trending #lovelive,,,
Active user,@DaSexyGuy,"Replying to 
@iqbalmohmand133It appeared on #trending. What is this ?",,,
iSN Business Solutions LLP,@isnbusiness,"If excellence is the name of the game, the team of experienced industry veterans at iSN are ready to deliver. Sign up for our 3-step evaluation today!

#iSN #StandsFor #TrendingTweets #TrendingNow #MomentMarketing #Marketing #Trending #BusinessSolution #BusinessSolutionConsultant",,,1
The URL Atlas,@TheURLAtlas,"https://urlatlas.info 
We are a web directory with new categories and website links getting added regularly. We provie you with great lists of URL's to get you to the right resources on the huge world of the internet.  #tbt #trends #trending #directory #web #space #btcThe URL Atlas
The URL Atlas is an online web directory that picks the most valuable websites for your interests.
urlatlas.info",,,
Eric Shore,@emshore,"""Calmframe â€” Profile picture frame for a calm vacation"" via 
@ProductHunt
 https://ift.tt/3jodciq #tech #product #trending #technologyCalmframe - Profile picture frame for a calm vacation | Product Hunt
Calmframe is a tiny web app that creates a text frame for your messenger profile picture â€“ and maybe it will save your vacation
producthunt.com",,,
Manohar Retail India,@Manohar_Retail,"à¤¨à¤µà¤¿à¤¨ à¤µà¤¸à¥à¤¤à¥à¤°à¥‡, à¤²à¥‡à¤Ÿà¥‡à¤¸à¥à¤Ÿ à¤¸à¥à¤Ÿà¤¾à¤ˆà¤²à¤šà¥à¤¯à¤¾ à¤¸à¤¾à¤¡à¥à¤¯à¤¾ 
à¤µà¥à¤¹à¤°à¤¾à¤¯à¤Ÿà¥€ à¤†à¤£à¤¿ à¤Ÿà¥à¤°à¥‡à¤‚à¤¡à¤¿à¤‚à¤— à¤•à¤ªà¤¡à¥‡  à¤¹à¤¡à¤ªà¤¸à¤° à¤®à¤§à¥à¤¯à¥‡ à¤®à¤¿à¤³à¤µà¤£à¥à¤¯à¤¾à¤šà¥‡ à¤«à¤•à¥à¤¤ à¤à¤•à¤š à¤ à¤¿à¤•à¤¾à¤£.. 
 à¤®à¤¨à¥‹à¤¹à¤° 
 à¤²à¤µà¤•à¤° à¤­à¥‡à¤Ÿ à¤¦à¥à¤¯à¤¾.. à¤­à¤°à¤˜à¥‹à¤¸ à¤–à¤°à¥‡à¤¦à¥€ à¤•à¤°à¤¾.. 



Get Up to 10% off ...
#TrendingNow #Trending",,,
Dawinlost,@dawinlost,"This trending music game is super addictive  fun, exciting and challenging!  
Check it Out! Tiles Hop 
#TilesHop #MusicGame #Playing #Mobile #Game #Fun #Trending #AmanotesTiles Hop: EDM Rush!
 Heard About EDM Tiles? Let's hop the ball and go as far as you can  
https://t.co/4GQLDHtrlS",,,
Ian Sarmiento,@CSCSarmiento,"#Trending

I have been a big boxing fan for more than a decade but I have never encountered the acronym, ""SALN"" being used as a boxing term. 

You KNOW WHAT IS UP.",,,1
Thamilan News (à®¤à®®à®¿à®´à®©à¯),@thamilannews,"à®šà®Ÿà¯à®Ÿà®µà®¿à®°à¯‹à®¤ à®šà®¿à®•à®°à¯†à®Ÿà¯à®Ÿà¯à®•à®³à¯à®Ÿà®©à¯ à®’à®°à¯à®µà®°à¯ à®•à¯ˆà®¤à¯
#SriLanka #News #Trending #LocalNews #Updates #LatestNewsà®šà®Ÿà¯à®Ÿà®µà®¿à®°à¯‹à®¤ à®šà®¿à®•à®°à¯†à®Ÿà¯à®Ÿà¯à®•à®³à¯à®Ÿà®©à¯ à®’à®°à¯à®µà®°à¯ à®•à¯ˆà®¤à¯
à®•à®¾à®²à®¿,à®µà¯†à®²à®¿à®µà®¤à¯à®¤ à®ªà®•à¯à®¤à®¿à®¯à®¿à®²à¯ à®šà®Ÿà¯à®Ÿà®µà®¿à®°à¯‹à®¤à®®à®¾à®• à®‡à®±à®•à¯à®•à¯à®®à®¤à®¿ à®šà¯†à®¯à¯à®¯à®ªà¯à®ªà®Ÿà¯à®Ÿ à®šà®¿à®•à®°à¯†à®Ÿà¯à®Ÿà¯à®•à®³à¯à®Ÿà®©à¯ à®’à®°à¯à®µà®°à¯ à®•à¯ˆà®¤à¯ à®šà¯†à®¯à¯à®¯à®ªà¯à®ªà®Ÿà¯à®Ÿà¯à®³à¯à®³à®¾à®°à¯.
thamilan.lk",,,
Sasidaran,@msasi_27,"à®šà®Ÿà¯à®Ÿà®µà®¿à®°à¯‹à®¤ à®šà®¿à®•à®°à¯†à®Ÿà¯à®Ÿà¯à®•à®³à¯à®Ÿà®©à¯ à®’à®°à¯à®µà®°à¯ à®•à¯ˆà®¤à¯
#SriLanka #News #Trending #LocalNews #Updates #LatestNewsà®šà®Ÿà¯à®Ÿà®µà®¿à®°à¯‹à®¤ à®šà®¿à®•à®°à¯†à®Ÿà¯à®Ÿà¯à®•à®³à¯à®Ÿà®©à¯ à®’à®°à¯à®µà®°à¯ à®•à¯ˆà®¤à¯
à®•à®¾à®²à®¿,à®µà¯†à®²à®¿à®µà®¤à¯à®¤ à®ªà®•à¯à®¤à®¿à®¯à®¿à®²à¯ à®šà®Ÿà¯à®Ÿà®µà®¿à®°à¯‹à®¤à®®à®¾à®• à®‡à®±à®•à¯à®•à¯à®®à®¤à®¿ à®šà¯†à®¯à¯à®¯à®ªà¯à®ªà®Ÿà¯à®Ÿ à®šà®¿à®•à®°à¯†à®Ÿà¯à®Ÿà¯à®•à®³à¯à®Ÿà®©à¯ à®’à®°à¯à®µà®°à¯ à®•à¯ˆà®¤à¯ à®šà¯†à®¯à¯à®¯à®ªà¯à®ªà®Ÿà¯à®Ÿà¯à®³à¯à®³à®¾à®°à¯.
thamilan.lk",,,
Autoking,@autokingindia,"More power, more adventure !
#oilsbyanindian 

#switchtoautoking #bikes #biker #syntheticoil  #motorcycle #businessgrowth #explore #social  #technology #businessideas #socialmediamarketing #innovation #instagram #digitalmarketing #trending  #socialmedia  #advertising #staysafe",,,1
godstation1,@The_18th_Letta,"WE DID IT!!!!! MAKE THIS A TREND #DOGETUESDAY WE HAVE LIFT OFF $0.50 HERE WE COME AGAIN!! WEâ€™RE AT $0.275!!!!!!!!! 
#twitch #PlayStation5 #PlayStation #AMC #GMEtothemoon #Bitcoin #Fast9 #HBOMax #releasethesnyderverse #trending #eutherium #DogeCoinTo1Dollar #dogearmy #DogeFather",,,
Sunny Hinduja,@hinduja_sunny,"#Repost @sha2nkb
.
Sunny Hinduja (Sandeep Bhaiya)
@hindujasunny
 Leaf Art Made by Shashank Bansod
@sha2nkb
From #balaghat
#film #reel #sketch #actor #tvf #thefamilyman2 #sandeepbhaiya #aspirants #upsc #chachavidhayakhainhamare #portrait #art #Leaf #trending #dancer #actress
#heroThe following media includes potentially sensitive content. Change settings
View",,,12
Bulut Akisik,@bulutakisik,"""Are we alone? Personally, I don't think we are. The universe is so big.""

NASA Administrator Bill Nelson says he has read the classified version of the US intelligence report on the series of UFO sightings.
#tech #NASA #technology #TrendingNASA Administrator: 'Are we alone? Personally, I don't think we are' - CNN Video
NASA Administrator Bill Nelson tells CNN's Pamela Brown that he has read the classified version of the US intelligence report on the series of UFO sightings by Navy pilots and others, and that he...
edition.cnn.com",,,14
Asa Rodriguez,@Thegodwithin1,"#Trending 

One must aim to pay #Attention to each other and maintain that #Respect and support.  This builds trust and creates value in the relationship, and with #Value we put all our energy into building a better future for our shared vision.

#RelationshipAdvice",,,
Ø¹Ø¯Ø§Ù„Øª Ø¯ÙˆØ±Ù‡Ùâ€Œ Ø³ÙˆÙ…,@edalat110,"Ø§Ø³Ú©Ø§Ø± ÙÛŒÚ¯ÙˆØ¦Ø±Ø§ Ø¯Ø¨ÛŒØ±Ú©Ù„ Ø­Ø²Ø¨ Ú©Ù…ÙˆÙ†ÛŒØ³Øª ÙˆÙ†Ø²ÙˆØ¦Ù„Ø§ Ø§Ø³Øª. Ø§Ùˆ Ø¨Ù…Ø«Ø§Ø¨Ù‡ ÛŒÚ© Ú©Ø§Ø±Ú¯Ø± Û±Û· Ø³Ø§Ù„Ù‡ ÙÙ„Ø² Ú©Ø§Ø±ØŒ Ø³Ø§Ø²Ù…Ø§Ù†Ø¯Ù‡ÛŒ Ø³Ù†Ø¯ÛŒÚ©Ø§ÛŒÛŒ Ø±Ø§ Ø¨Ø§ Â«Ù…Ø±Ú©Ø² ÙˆØ§Ø­Ø¯ Ú©Ø§Ø±Ú¯Ø±Ø§Ù† ÙˆÙ†Ø²ÙˆØ¦Ù„Ø§Â» (Ø³Ù†Ø¯ÛŒÚ©Ø§ÛŒ Ø­Ø²Ø¨ Ú©Ù…ÙˆÙ†ÛŒØ³Øª ÙˆÙ†Ø²ÙˆØ¦Ù„Ø§) Ø¢ØºØ§Ø² Ú©Ø±Ø¯.

Ø§Ø¯Ø§Ù…Ù‡ Ù…Ø·Ù„Ø¨: https://bit.ly/35Xnsq4

#Ø§Ù†ØªØ®Ø§Ø¨Ø§ØªÛ±Û´Û°Û° #Iran #Ø§Ø®Ø¨Ø§Ø±Ø§ÛŒØ±Ø§Ù† #Ø§Ø®Ø¨Ø§Ø±Ø¬Ù‡Ø§Ù† #Trending",,,
sweetkhajina,@sweetkhajina,"National Waffle Iron Day 29th June
Visit to My Youtube Channel Sweet Khajina 
#sweetkhajina #nationalwaffleironday #nationalday #29thjune #day #trending #ironday2021 #morningwaffels #wafflelovers #worldday #favorite #tuesdaymood #tuesdayvibe #dessert #tuesdaythoughts #kids #yummy",,,
365Trendies,@365trendiesNG,"Curse Of The Sands â€“ Thursday Update (20 May 2021) â€“ Zee World .....

#365trends #trending #ofofonobs #heist #365trendies https://365trendies.com.ng/curse-of-the-sands-thursday-update-20-may-2021-zee-world/?utm_source=ReviveOldPost&utm_medium=social&utm_campaign=ReviveOldPostâ€¦ #zeeworldCurse Of The Sands â€“ Thursday Update (20 May 2021) â€“ Zee World
Advertisements Loading... Share the post
365trendies.com.ng",,,
365Trendies,@365trendiesNG,"DOWNLOAD: Kootu Olorun â€“ Latest Yoruba Movie 2021 Drama .....

#365trends #trending #ofofonobs #heist #365trendies https://365trendies.com.ng/download-kootu-olorun-latest-yoruba-movie-2021-drama/?utm_source=ReviveOldPost&utm_medium=social&utm_campaign=ReviveOldPostâ€¦ #yorubamovieDOWNLOAD: Kootu Olorun â€“ Latest Yoruba Movie 2021 Drama
Advertisements Loading... Share the post
365trendies.com.ng",,,
Madison Payton,@madison_paytonn,"Check out Maddie Payton's video! #TikTok https://vm.tiktok.com/ZMdaY6dSs/ #disneyparks #disneyworld #wdw #disneycollegeprogram #dcp #dcp2021 #dinseytiktok #followme #trending #tiktok #foryou #disneycontent #disneycastmemberMaddie Payton on TikTok
 all about the new DCP bus system #dcp2021 #disneycollegeprogram #dcp #disney #disneytiktok #flamingocrossings
m.tiktok.com",,,
TheFullVolume,@TheFullVolume,"NATRAX : à¤­à¤¾à¤°à¤¤ à¤•à¥‹ à¤®à¤¿à¤²à¤¾ à¤à¤¶à¤¿à¤¯à¤¾ à¤•à¤¾ à¤¸à¤¬à¤¸à¥‡ à¤²à¤‚à¤¬à¤¾ à¤¹à¤¾à¤ˆ à¤¸à¥à¤ªà¥€à¤¡ à¤Ÿà¥à¤°à¥ˆà¤• https://thefullvolume.com/full-volume-360/natrax-india-gets-asias-longest-high-speed-trackâ€¦ 
@rukminiprakashn
 @vivekroy1611
 @ravikumarkarn
 #job #sarkarijob #Trending #NATRAX 
@PrakashJavdekarNATRAX : à¤­à¤¾à¤°à¤¤ à¤•à¥‹ à¤®à¤¿à¤²à¤¾ à¤à¤¶à¤¿à¤¯à¤¾ à¤•à¤¾ à¤¸à¤¬à¤¸à¥‡ à¤²à¤‚à¤¬à¤¾ à¤¹à¤¾à¤ˆ à¤¸à¥à¤ªà¥€à¤¡ à¤Ÿà¥à¤°à¥ˆà¤• Â» Thefullvolume | News For Jobs Education,...
à¤­à¤¾à¤°à¤¤ à¤•à¥‡ à¤¨à¤¾à¤® à¤à¤• à¤”à¤° à¤‰à¤ªà¤²à¤¬à¥à¤§à¤¿ à¤¶à¤¾à¤®à¤¿à¤² à¤¹à¥‹ à¤—à¤ˆ à¤¹à¥ˆà¥¤ à¤­à¤¾à¤°à¤¤ à¤•à¥‹ à¤‘à¤Ÿà¥‹à¤®à¥‹à¤¬à¤¾à¤‡à¤² à¤•à¥‡ à¤²à¤¿à¤ à¤à¤¶à¤¿à¤¯à¤¾ à¤•à¤¾ à¤¸à¤¬à¤¸à¥‡ à¤²à¤‚à¤¬à¤¾ à¤”à¤° à¤¦à¥à¤¨à¤¿à¤¯à¤¾ à¤•à¤¾ à¤ªà¤¾à¤‚à¤šà¤µà¤¾à¤‚ à¤¸à¤¬à¤¸à¥‡ à¤²à¤‚à¤¬à¤¾ à¤¹à¤¾à¤ˆ à¤¸à¥à¤ªà¥€à¤¡ à¤Ÿà¥à¤°à¥ˆà¤• à¤®à¤¿à¤²à¤¾ à¤¹à¥ˆà¥¤ à¤ªà¥à¤°à¤•à¤¾à¤¶ à¤œà¤¾à¤µà¤¡à¤¼à¥‡à¤•à¤°
thefullvolume.com",,,
Chandra Raj Singhvi,@CRSinghvi,"à¤¸à¤¿à¤¯à¤¾à¤¸à¥€ à¤šà¤¾à¤²-à¤­à¥‚à¤šà¤¾à¤² Episode 1 with Chandra Raj Singhvi

https://youtube.com/watch?v=vn9eoF_aJAIâ€¦
.
.
.
.
.

#politics #bjp #chandrarajsinghvi #politician #trending #viralvideo #trendingvideo #india #politicsnews #politicstoday #newslive #rajasthan #livenews #PoliticalNews #à¤¹à¤°_à¤ªà¤‚à¤šà¤¾à¤¯à¤¤_à¤­à¤¾à¤œà¤ªà¤¾à¤¸à¤¿à¤¯à¤¾à¤¸à¥€ à¤šà¤¾à¤²-à¤­à¥‚à¤šà¤¾à¤² Episode 1 with Chandra Raj Singhvi.
à¤‡à¤¸ à¤à¤ªà¤¿à¤¸à¥‹à¤¡ à¤®à¥‡à¤‚ à¤µà¤°à¤¿à¤·à¥à¤  à¤ªà¤¤à¥à¤°à¤•à¤¾à¤° à¤¸à¥à¤­à¤¾à¤· à¤¶à¤°à¥à¤®à¤¾ à¤¬à¤¾à¤¤ à¤•à¤° à¤°à¤¹à¥‡ à¤¹à¥ˆà¤‚ à¤ªà¥‚à¤°à¥à¤µ à¤®à¤‚à¤¤à¥à¤°à¥€ à¤”à¤° à¤°à¤¾à¤œà¤¨à¥€à¤¤à¥€ à¤•à¥‡ à¤šà¤¾à¤£à¤•à¥à¤¯ à¤¸à¤®à¤à¥‡ à¤œà¤¾à¤¨à¥‡ à¤µà¤¾à¤²à¥‡ à¤µà¤°à¤¿à¤·à¥à¤  à¤°à¤¾à¤œà¤¨à¥€à¤¤à¤¿à¤œà¥à¤ à¤šà¤‚à¤¦à¥à¤°à¤°à¤¾à¤œ à¤¸à¤¿à¤‚à¤˜à¤µà¥€ à¤•à¥‡ à¤¸à¤¾à¤¥à¥¤ à¤‡à¤¸ à¤¬à¤¾à¤¤à¤šà¥€à¤¤ ...
youtube.com",,,1
Celebrity Hot News,@CelebrityHotNe3,"Christina Aguilera Stands Up For Britney Spears Amid #FreeBritney Movement #ChristinaAguilera #trending #newsChristina Aguilera Stands Up For Britney Spears Amid #FreeBritney Movement
Christina starred alongside Britney in ""The Mickey Mouse Club"" between 1993 and 1994.
nilatch.com",,,
rvcmarket,@rvcmarket,"Fashion has no gender likewise at RVC we have gender-neutral clothes.
.
.
.
#clothes #fashion #PRIDE #Pride2021 #mumbai #SupportSmallStreams #SupportSmallStreamers #supportsmallbusiness #twitter #viral #trending #rvcmarket #explorepage #streetwear",,3,1
Bollywood Blind Items,@dopinionatedin,"10 Celebrity Indian Chefs Whose TV Appearances Made them Global Stars
@SKRecipes
 @Khazanadxb
@heenakau
 @skkhazana
#celebrityleaks #Cooking #chef
#news #India #Entertainment #actorslife #mustread #hotels
#EntertainmentNews #Trending10 Celebrity Indian Chefs Whose TV Appearances Made them Global Stars
India is a country full of cultural heritage and so much talent. From famous artists like M.F. Hussain, and great singers like Lata Mangeshkar to inspirational
theopinionatedindian.com",,,
allanpreetham,@allanpreetham,"Pusher - Clear ft. Mothica 
( Indian Mix ) 
@allanpreetham
 
.
.
.
.
#pusher #clear #indian #indianmix #english #englishsongs #cover #music #musician #remix #trending #allanpreetham 
@itsPusher
 @dearmothica",,,5
eTrenders,@etrenders,"I migliori #Trendsetter in #Italy oggi:
1) 
@ZZiliani
2) 
@EURO2020
3) 
@InvictosSomos
4) 
@goal
5) 
@FBiasin
6) 
@ESPNFC
visit https://etrenders.com/trendsetters/Italyâ€¦ for full list. #TrendingNow #Trending #cashback #BocaVideoclip #Salernitana #francesi #29giugno #Italy",,1,2
One Stop Music Bhd,@osmberhad,"Jom nyanyi lagu #Kecewa, berduet dengan #TuahAdzmi

 #Smule
https://link.smule.com/Kecewa

 #YouTube
https://youtu.be/cMuSckx4v-Q
@MusicFMC
#FMCMusic
#SingWithTuahAdzmi
#pop #popsong #pophits
#popmusic #popartist
#syoknya #trending #viral #hits
#osmberhad #onestopmusic #osm",,,
Building Staff Solutions,@BuildingStaff,"WE ARE HIRING !!

BSS Building Staff Solutions is currently hiring for General Operatives in Newbridge.

Send in your CV at marc@buildstaff.ie or give us a call at 017071012 to discuss further  

Apply Now !

#construction #trending #Ireland #jobs #hiring #nowhiring #general",,,
SmartMove Immigration,@Smart_Move2021,"FAQ ||  Are students eligible to apply for a Green card after 5 years in the USA?

Check out the link to know what our US Attorney  - Ms. Dobrina Ustun has to say about it.
https://youtu.be/hKfvkA_ZrvE

 #F1visa #workvisa #greencard #usamigration #usaconsultantinindia #trending2021|| FAQ || Are students eligible to apply for Green card after 5...
Are students eligible to apply for Green card after 5 years in the USA?During the F-1 visa interview, the U.S. Embassy officials focus a lot on the requireme...
youtube.com",,,
Hakim Singh,@HakimSi78714638,"#ARMY Wheel chair destribution at Asthanmarg #COVID19 #jammu #JammuAndKashmir  #IndianArmyForAwaam #CovidVaccine #AMC #AMC #AMC #AMCSqueeze #amcstock #English #evermorealbum #instagood #instadaily #BREAKING #BreakingNews #Mumbai 
 
@aajtak
 #Monday #Srinagar #Trending #Mbappe",,3,1
Sasidaran,@msasi_27,"5 à®‡à®²à®Ÿà¯à®šà®®à¯ à®ªà¯‡à®°à¯à®•à¯à®•à¯ â€œà®‡à®²à®µà®š à®šà¯à®±à¯à®±à¯à®²à®¾ à®µà¯€à®šà®¾- à®…à®±à®¿à®µà®¿à®ªà¯à®ªà¯ˆ à®µà¯†à®³à®¿à®¯à®¿à®Ÿà¯à®Ÿà®¾à®°à¯ à®¨à®¿à®°à¯à®®à®²à®¾ à®šà¯€à®¤à®¾à®°à®¾à®®à®©à¯
#World #International #News #Trending #Breaking #Local #Updatesà®Ÿà®¿ #India #Nirmala_Seetharaman5 à®‡à®²à®Ÿà¯à®šà®®à¯ à®ªà¯‡à®°à¯à®•à¯à®•à¯ ""à®‡à®²à®µà®š à®šà¯à®±à¯à®±à¯à®²à®¾ à®µà¯€à®šà®¾- à®…à®±à®¿à®µà®¿à®ªà¯à®ªà¯ˆ à®µà¯†à®³à®¿à®¯à®¿à®Ÿà¯à®Ÿà®¾à®°à¯ à®¨à®¿à®°à¯à®®à®²à®¾ à®šà¯€à®¤à®¾à®°à®¾à®®à®©à¯
à®¨à®¾à®Ÿà¯à®Ÿà®¿à®©à¯ à®ªà¯Šà®°à¯à®³à®¾à®¤à®¾à®°à®¤à¯à®¤à¯ˆ à®Šà®•à¯à®•à®ªà¯à®ªà®Ÿà¯à®¤à¯à®¤à¯à®®à¯ à®µà®¿à®¤à®®à®¾à®•, ""à®‡à®²à®µà®š à®šà¯à®±à¯à®±à¯à®²à®¾ à®µà¯€à®šà®¾"" à®¤à®¿à®Ÿà¯à®Ÿà®¤à¯à®¤à¯ˆ à®®à®¤à¯à®¤à®¿à®¯ à®¨à®¿à®¤à®¿à®¤à¯à®¤à¯à®±à¯ˆ à®…à®®à¯ˆà®šà¯à®šà®°à¯ à®¨à®¿à®°à¯à®®à®²à®¾ à®šà¯€à®¤à®¾à®°à®¾à®®à®©à¯ à®‡à®©à¯à®±à¯
thamilan.lk",,,
Thamilan News (à®¤à®®à®¿à®´à®©à¯),@thamilannews,"5 à®‡à®²à®Ÿà¯à®šà®®à¯ à®ªà¯‡à®°à¯à®•à¯à®•à¯ â€œà®‡à®²à®µà®š à®šà¯à®±à¯à®±à¯à®²à®¾ à®µà¯€à®šà®¾- à®…à®±à®¿à®µà®¿à®ªà¯à®ªà¯ˆ à®µà¯†à®³à®¿à®¯à®¿à®Ÿà¯à®Ÿà®¾à®°à¯ à®¨à®¿à®°à¯à®®à®²à®¾ à®šà¯€à®¤à®¾à®°à®¾à®®à®©à¯
#World #International #News #Trending #Breaking #Local #Updatesà®Ÿà®¿ #India #Nirmala_Seetharaman5 à®‡à®²à®Ÿà¯à®šà®®à¯ à®ªà¯‡à®°à¯à®•à¯à®•à¯ ""à®‡à®²à®µà®š à®šà¯à®±à¯à®±à¯à®²à®¾ à®µà¯€à®šà®¾- à®…à®±à®¿à®µà®¿à®ªà¯à®ªà¯ˆ à®µà¯†à®³à®¿à®¯à®¿à®Ÿà¯à®Ÿà®¾à®°à¯ à®¨à®¿à®°à¯à®®à®²à®¾ à®šà¯€à®¤à®¾à®°à®¾à®®à®©à¯
à®¨à®¾à®Ÿà¯à®Ÿà®¿à®©à¯ à®ªà¯Šà®°à¯à®³à®¾à®¤à®¾à®°à®¤à¯à®¤à¯ˆ à®Šà®•à¯à®•à®ªà¯à®ªà®Ÿà¯à®¤à¯à®¤à¯à®®à¯ à®µà®¿à®¤à®®à®¾à®•, ""à®‡à®²à®µà®š à®šà¯à®±à¯à®±à¯à®²à®¾ à®µà¯€à®šà®¾"" à®¤à®¿à®Ÿà¯à®Ÿà®¤à¯à®¤à¯ˆ à®®à®¤à¯à®¤à®¿à®¯ à®¨à®¿à®¤à®¿à®¤à¯à®¤à¯à®±à¯ˆ à®…à®®à¯ˆà®šà¯à®šà®°à¯ à®¨à®¿à®°à¯à®®à®²à®¾ à®šà¯€à®¤à®¾à®°à®¾à®®à®©à¯ à®‡à®©à¯à®±à¯
thamilan.lk",,,
BlitzTv,@BlitzClipz1,"https://youtube.com/watch?v=QcCK0QJ0UDgâ€¦

Giants at Dodgers - Angel Hernandez Questionable Strike Three Call

#Giants #Dodgers #bauer #umpire #mlb #badcall #strikethree #angelhernandez #viral #viralvideo #trendingGiants at Dodgers - Angel Hernandez Questionable Strike Three Call
Giants at Dodgers - Angel Hernandez Questionable Strike Three Call#Giants #Dodgers #AngelHernandez #Umpire #Badcall #MLBCopyright Disclaimer Under Section 10...
youtube.com",,,
RESEARCH 24/7,@smallcappick,"Top 5 #trending Non-fungible token (#NFT) 
 $SOTA 
@sotaNFTs
 $ALPA 
@CityAlpaca
 $UNIC 
@uniclyNFT
 $BPT 
@BlackpoolHQ
 $PCNT 
@playcentglobal",,,
Behindwoods,@behindwoods,"""à®ªà®¾à®•à¯à®• à®®à¯à®Ÿà®¿à®¯à®¾à®® à®ªà¯‹à®¯à®¿à®Ÿà¯à®šà¯à®šà¯‡!.. à®ªà¯à®³à¯€à®¸à¯ à®‡à®ªà¯à®ªà®Ÿà®¿ à®ªà®£à¯à®£à®¾à®¤à¯€à®™à¯à®•"".. à®°à®šà®¿à®•à®°à¯à®•à¯à®•à¯ #à®°à®·à¯à®®à®¿à®•à®¾ à®•à¯à®¯à¯‚à®Ÿà¯ à®ªà®¤à®¿à®²à¯!

http://tamil.behindwoods.com/tamil-movies-cinema-news-ta/rashmika-mandanna-cute-reply-to-fan-who-came-to-see-her.htmlâ€¦

#RashmikaMandanna #Trending",,,24
Culturelytics Pvt. Ltd.,@culturelytics,"#TrendingTuesdays : 83% of employees state that a good workplace culture helps them be more productive!
Ross Seychell from Personio said in the HR Director blog that not prioritizing Wellbeing would lead to consequences like Burnout.
#trending #cuturelytics #KNOWYOURCCQ #Kaiwa",,1,1
Zappian,@ZappianM,"At Zappian, we understand the importance of a strong Email ID to attain business trust and brand recall.
.
.
#emails #EmailMarketing #affiliatemarketing #Affiliates #digitalmarketingagency #DigitalMarketingServices #trending #leadgenerationagency #MarketingIkigai #Zappian",,,
Sanmay,@Sanmaybs,"We take care of your walls in every situation . 

Visit us :- http://sanmay.in

Follow Us 
@sanmaybuildingsolutions 

#2021 #indians #dgci #tuesday #today #top #picoftheday #delearship #trending #popular #proud #unlock #boardexam #bricks #walls #wallputty #sanmay",,,1
InspiredLifebyCarole,@InspiredCarole,SAIL Above the Cloudsâ€”How to Simplify Your Life was named BOOK OF THE WEEK two weeks in a row by Women Reading Great Books (84K members)!! #grateful #whattoread #Trending #books https://amzn.to/3q4bQdR,,,
Femina,@FeminaIndia,"So who's up for a halal-certified coffee with BTS?

#feminafood #coffee #trending #halah #BTSAnd Now, A Halal-Certified Coffee Associated with BTS!
South Korean coffee brand Hy receives a halal certification for its BTS cold brew
femina.in",,1,1
Andraye Speed & Co.,@AndrayeSpeed_Co,"Andraye Speed & Co. is cooking up  something for you all! WE LOVE YOU ALL! 

#AndrayeSpeedandCo #ASAC #SendRevival #visual #gospelmusic #music #gospelradio #radio #comingsoon #love #trending0:31",,,
Ajinkya Ashok Thakre Patil,@thakreajinkya24,"à¤®à¤¹à¤¾à¤°à¤¾à¤·à¥à¤Ÿà¥à¤° à¤•à¥‰à¤‚à¤—à¥à¤°à¥‡à¤¸ à¤•à¥€ à¤¶à¤¾à¤¨... à¤¶à¥à¤°à¥€ à¤¨à¤¾à¤¨à¤¾à¤­à¤¾à¤Š à¤ªà¤Ÿà¥‹à¤²à¥‡ à¤œà¥€.
@NANA_PATOLE
#nanapatole
#maharashtra
#trendingnow
#youthcongress
#trending
#nagpur
#maharashtra 
#india 
#indianpolitics 
#pune 
#mumbai 
#kolhapur
#solapur
#vidharbha
#marathwada
#latur
#aurangabad",,,1
Ğ’Ğ¸Ğ¸,@axQ3A0MEq4P0Lek,"This trending music game is super addictive  fun, exciting and challenging!  
Check it Out! Tiles Hop 
#TilesHop #MusicGame #Playing #Mobile #Game #Fun #Trending #AmanotesTiles Hop: EDM Rush!
 Heard About EDM Tiles? Let's hop the ball and go as far as you can  
https://t.co/uFFC22O22u",,,
localverandah,@localverandah,"Recently, tech giant Microsoft became the second US public company to reach a $2 trillion market value, joining the league of Apple. 

#LocalVerandah #WorldNews #Microsoft #BillGates #Trending",,1,
CryptoCrunchApp,@CryptoCrunchApp,"Top 5 #trending Non-fungible token (#NFT) 
 $SOTA (
@sotaNFTs
)
 $ALPA (
@CityAlpaca
)
 $UNIC (
@uniclyNFT
)
 $BPT (
@BlackpoolHQ
)
 $PCNT (
@playcentglobal
)Alpaca City  and 3 others",,1,6
365Trendies,@365trendiesNG,"OMG!!! #Davido Gifts #Zlatan Ibile #30BG Jewelry Worth Over 14 Million Naira .....

#365trends #trending #ofofonobs #heist #365trendies https://365trendies.com.ng/omg-davido-gifts-zlatan-ibile-30bg-jewelry-worth-over-14-million-naira/?utm_source=ReviveOldPost&utm_medium=social&utm_campaign=ReviveOldPostâ€¦ #dmwOMG!!! Davido Gifts Zlatan Ibile 30BG Jewelry Worth Over 14 Million Naira
Advertisements Loading... Share the post
365trendies.com.ng",,,
365Trendies,@365trendiesNG,"Cuppy Ft. Nonso Amadi â€“ Guilty Pleasure .....

#365trends #trending #ofofonobs #heist #365trendies https://365trendies.com.ng/cuppy-ft-nonso-amadi-guilty-pleasure/?utm_source=ReviveOldPost&utm_medium=social&utm_campaign=ReviveOldPostâ€¦ #djcuppy #nansoamadi #originalcuppyepCuppy Ft. Nonso Amadi â€“ Guilty Pleasure
Advertisements Loading... Share the post
365trendies.com.ng",,,
Food Blogger,@sonanewyork,[Homemade] Chicken schnitzel with Austrian style potato salad #viral #trending #foodie #foodblogger #foodphotography #ff #tbt #ico,,2,1
Food Blogger,@sonanewyork,[Homemade] Chicken with creamy mushroom & white wine sauce #viral #trending #foodie #foodblogger #foodphotography #ff #tbt #ico,,1,2
Food Blogger,@sonanewyork,[i ate] PokÃ©mon Cafe Curry #viral #trending #foodie #foodblogger #foodphotography #ff #tbt #ico,,2,3
expectable.legacy,@expectable_,"Boleh cuba trick ni dekat boss korang hihi
.
Tag member korang
.
#viral #explore #explorepage #trend #trending #expectablelegacy https://instagram.com/p/CQtBUZgl-wL/?utm_medium=twitterâ€¦",,,
pavithra T,@pavithr27662026,"#à®µà®°à¯à®Ÿà®™à¯à®•à®³à¯à®•à®Ÿà®¨à¯à®¤à®¾à®²à¯à®®à¯ - à®¤à®²à¯ˆà®ªà¯à®ªà¯ à®…à®²à¯à®²à®¤à¯ à®®à¯à®¤à®²à¯ à®µà®°à®¿à®¯à®¾à®• à®µà¯ˆà®¤à¯à®¤à¯ à®•à¯Šà®²à®¾à®ªà¯ à®šà¯†à®¯à¯à®¤à¯ à®ªà®¤à®¿à®µà®¿à®Ÿà¯à®™à¯à®•à®³à¯.

#collab #yqkanmani #tamil #tamilquotes  #YourQuoteAndMine
Collaborating with YourQuote Kanmani

#trending.#selflove  
 
Read my thoughts on 
@YourQuoteApp
 at https://yourquote.in/pavithra-vijayakumar-c423c/quotes/eennn-yukngkllee-kttntaalum-unnnnnnai-mttttum-ennnnnnaal-b9g1nqâ€¦",,,
FabWoman,@fabWomanOnline,"Read Story Of Nigerian Woman Who Found Love At 47, Married A Year Later And Had A Child Before Her 50th Birthday
#Trending

https://fabwoman.ng/nigerian-woman-finds-love-at-47/â€¦",,,
TECH PINTU,@TECHPINTU1,"#Trending :3D Fish in Water Waves Light Effects Lyric Full Screen Status... https://youtu.be/5T4r5cw3cwk via 
@YouTube#Trending :3D Fish in Water Waves Light Effects Lyric Full Screen...
#Trending : 3D Fish in Water Waves Light Effects Lyric Full Screen Status Video #TechPintu #Subscribe--------------------------------------------------------...
youtube.com",,,1
Sagar Joshi,@Sagar24hr,"Customer Care Number : 9023360360

Download Our App: https://bit.ly/3eSxCxJ

#carservicing #roadsideassistance #doorstepservice
#topicalspot #trending #trendingnow
#autoicare #autocare #automobile #cars #garage #mechanic #nearmechanic #mumbai #maharashtra #india",,1,1
Be Easy On,@BeEasyOn1,"Read full blog on https://beeasyon.com/looks/

#beeasyon13 #wordsofshanu #looks #looksdontmatter #beautiful #ugly #gori #kali #sawli #duskylove #spreadsmile #loveisinyou #blogs #godiseverything #trending #writer #faith #love #peaceful #contentment #happiness",,1,
Lvly singh,@Lvly123Singh,"Replying to 
@veetaday_inCRUNCHY CHRISPY RUSK 

#Contest_Time 
#Trending #VeetadayRusk #Crunchy 
@veetaday_in
@Indian_Contests
Join 
@GurdeepOfficial
 @Shivamthepower1
 
@imPalak18
 
@Dazzlingcutie1
 
@Monikastar15
 
@MananHawk
 
@blessedkamal",,,2
Suelta La Sopa,@SueltaLaSopaTV,"Super guapa #LauraBozzo  Â¿QuÃ© te parece?
.
#famosos #omg #wow #nowtrending #trending #news #noticias #loultimo #breaking #celebridades #viral #stories #espectaculos #farandula #chismes #escandalos",2,2,3
MStang,@StockJock22,"#Stocks #Trending #wallstreetbets 
https://quiverquant.com/sources/wallstreetbetsâ€¦",,,
Santhosh,@sksworldd,"WHERE FLOWERSBLOOM SO DOES HOPE!
#GoodEvening Twitter!!

#Hibiscus from my terrace garden
 
#flowers #beautiful #GardenersWorld #beauty #summer #photo #photographer
#PhotographyIsLife #tuesdayvibe #tuesdaymotivations #lazy #trending #like #freetime #hobby #PhotoOfTheDay",,,3
Akash Chaudhary,@Mr_chaudhary04,"Replying to 
@JDemi21
 and 
@Feelings4CryptoWe are the people #Trending #TwitterSpaces #ChaosTwitter #FridayThoughts #TwitterSpaces #ChaosTwitter #EducationNeverDies #doge #dogearmy #DogecoinToTheMoon #dogecoin #DogeCoinTo1Dollar #entrepreneur #entrepreneurship #focusongood #SpaceX #tesla",,,1
junaming,@junamingming,grabe no.1 trending! #JonaxxTBIPKab18 #Trending,,,5
Goemkarponn,@goemkarponnlive,"Do Visit our websiteb for Full E-paper 
http://epaper.goemkarponn.com/EditionPage/EPpage.php?edn=English&isid=GOEMK_ENG_20210629#Page/1â€¦
Goemkarponn Evening News Paper 
@goacm
 @DrPramodPSawant
 @RohanKhaunte
 @VijaiSardesai
 @digambarkamat
 
#NewsUpdate #newspaper #news #GOEMKARPONNNEWS #news #india #follow #like #media #breakingnews #viral #trending",,,
Laura Hettiger,@LauraKHettiger,"I can't get over how people are just watching the bears!!! I'd be sprinting away! #n4tm 
@kmov
 #trendingQuote Tweet
KMOV
@KMOV
 Â· 1h
VIDEO: Mama bear and her 3 cubs visit crowded California beach https://kmov.com/news/video-mama-bear-and-her-3-cubs-visit-crowded-california-beach/article_31b5fffb-56f4-510b-bf17-0422527960db.html?utm_campaign=snd-autopilotâ€¦",,,1
Phoenix Palladium,@gophoenixing,"Well, this one was a no brainer, wasn't it?

#PhoenixPalladium #Shopping #Trending #TrendingPost #LuxuryShopping #ShoppingMumbai #Mumbai",,1,1
JAMO,@JamoMag,"#ChristinaAguilera stands in public solidarity with #BritneySpears over the recent legal issues that Britney has been facing regarding ownership of her property and other possessions. 

:WireImage
.
.
#viral #trending #JamoMag",,,
Varad_flute,@varadkat,"Happy world music day with czardas!  (21/06/2021) #varadflute #soloist #mysound #windinstrument #musician  #instrument #instrumentalist  #flautist #kalakar #artist #liveconcert #studio  #share #positivity #bambooflute #czardas #symphony #trending #videos #WorldMusicDay0:42
4 views",,,
Autus Digital Agency,@AutusDigital,"#agnecylife #salaryhike #Trending 
@Social_Samosa",,,2
Hina Beg,@HinaBeg,"How to Manage Stress-Quick Tips 
Part 2 -'T' Read 
https://instagram.com/p/CQs9_i3sgZP/?utm_medium=copy_linkâ€¦
Everyday at 9:00 pm
#hinabeg #justtalktherapy #solutiontherapist #nostress #mumbai #challenge #follow #share #mentalhealth #health #Trending #MentalHealthMatters #podcast #instagram #stressmanagement",,1,1
FAKE XAVIX,@XavixFake,"This trending music game is super addictive  fun, exciting and challenging!  
Check it Out! Tiles Hop 
#TilesHop #MusicGame #Playing #Mobile #Game #Fun #Trending #AmanotesTiles Hop: EDM Rush!
 Heard About EDM Tiles? Let's hop the ball and go as far as you can  
https://t.co/lZNC0SDIvL",,,
TECHNICAL TRENDING,@TECHNICALTREN17,"So abb tym aa gya h ek or hastag ko #Trending m lane ka 
#onlineexamsrequired 
#onlineexamrequried 
@CMOFFICEHP
  @NIGAMBHANDARI1
 
Kicho kam 
#Onlineclass  h to #OnlineExams lo 
Student",3,16,13
Real Marsha WrightÂ® | www.RECIPROCATE.network,@marshawright,Breaking: Nothingâ€™s debut wireless earbuds will be announced on July 27 https://theverge.com/2021/6/29/22555247/nothing-ear-1-true-wireless-earbuds-july-27th-launch-oneplus-carl-peiâ€¦ #tech #trending #socialmedia,,,
News Finance India,@ShivanshNangia,"That One Teacher In Every School|Funny video|Zamaanaa #shorts #trending #zamaanaa #balliThat One Teacher In Every School|Funny video|Zamaanaa #shorts #trending #zamaanaa #balli
c.ishiv.co.in",,,
Akash Chaudhary,@Mr_chaudhary04,"Replying to 
@business
 and 
@bopinionLove the series when looks real #entrepreneurship #focusongood #Trending #TwitterSpaces #ChaosTwitter #FridayThoughts #Twitter #twittersmarter #AI #digitalmarketing #socialmedia #startup #startups #netflixseries #netflix #",,,
Mizta Frosh,@MiztaFrosh,"This trending music game is super addictive  fun, exciting and challenging!  
Check it Out! Tiles Hop 
#TilesHop #MusicGame #Playing #Mobile #Game #Fun #Trending #AmanotesTiles Hop: EDM Rush!
 Heard About EDM Tiles? Let's hop the ball and go as far as you can  
https://t.co/WUxzyMYrhe",,,
Aditya Bajpai,@AsliAdityaBeast,"#tuesdayvibe
#tuesdaymotivations 
#Trending",,,
Akash Chaudhary,@Mr_chaudhary04,"Replying to 
@SippinSocialTeaBukbook how much is for that for advertising #socialmedia #Trending #TwitterSpaces #TwitterForGood #TwitterSmarter #TwitterForGood #lovefortwitter #ElonMusk #entrepreneur #entrepreneurship #focusongood #SpaceX #tesla",,,
Lake of Game,@LakeofGame,"Try to grow your shark as you battle against all of the other sharks in the sea.

Click on link to play  
https://lakeofgame.com/games/shark-attackâ€¦
 
Available on :- http://lakeofgame.com

#games #trending #pcgaming  #freeonlinegames  #onlinegames #freegames #bestgames  #mobilegames0:19",,,
Bob,@bbenjam84,"https://ebay.com/itm/304047348337?mkevt=1&mkcid=1&mkrid=711-53200-19255-0&campid=5338273189&customid=&toolid=10001&pub=5575378759&icep_ff3=1&ipn=psmain&icep_vectorid=229466&kwid=902099&mtid=824&kw=lgâ€¦
#Gardenscapes #summer #Budget2021 #quote #followforfollowback #quotes #painting #paintsociety #trending #likeforlikes #ebayfinds #ebay #foxbody #car #Automotive #groups #teams #buySpray Booth Inflatable Tent Car Paint Portable Cabin 2 Blowers 20Ã—10Ã—10 ft.
Find many great new & used options and get the best deals for Spray Booth Inflatable Tent Car Paint Portable Cabin 2 Blowers 20Ã—10Ã—10 ft. at the best online prices at eBay! Free shipping for many...
ebay.com",,,
eezymart,@eezymart1,Vintage Brief Pure Color Round Neck vestidos 3/4 Sleeve A-Line Pinup Swing Elegant Dress #eezymart #trending #clothes #relooking https://eezymart.com/nice-forever-vintage-brief-pure-color-round-neck-vestidos-3-4-sleeve-a-line-pinup-business-women-flare-swing-elegant-dress-a116/â€¦,,,
NoOne,@zXzSWITCHzXz,"Hype live video on YouTube right now #SHIB #shibainu #crypto #Trending #LFGSHIBA INU TOKEN HOLDERS GET READY: THIS CHANGES EVERYTHING PART 2!...
LETS GO SHIBARMY!!!!!!!!!! HOW SHIBA INU COIN $0.01 IS POSSIBILE! UPDATED PRICE PREDICTION! SHIBA INU RECOVERY IS HERE!? SHIBA INU TOKEN HOLDERS GET READY! T...
youtube.com",,,
Media Beast,@MediaBeastpk,"Cast of Sinf-e-ahan, produced by Humayun Saeed in collaboration with ISPR.

#sinfeahan #humayunsaeed #ispr #syrayousaf #siroz #yumnazaidi #ramshakhan #kubrakhan #sajalaly #umeraahmed #news #latest #trending",,,
WAMINDIA Chutney,@WamindiaC,"â£Police officer gets scared after finding video tape at his house .
#tamil #tamilvideo #tamilmovieclips #tamilmovieupdates #filmaction #actionmovie #tamilan #actionfilms #tamilmovie #actionmovies #kollywood  #trending #action #tamilmovies #tamilcinema #tamilmoviesuggestions",,,
DeMocro,@mocro_de,"Laten we #wilders van de #pvv #trending maken vanwege #DionGraus, zijn #strafblad, de #islamhaat, het #gelijkheidsbeginsel, afkeer van #pride en #PrideMonth, zijn  voor #mensenrechtenschendingen in regimes als #Hongarije en #Israel, en zijn chronische aandoening: #kleinepiemelQuote Tweet
Enis Odaci
@EnisOdaci
 Â· 2h
Tja, #Wilders trending vanwege een belediging. 
Was ie maar dagelijks trending vanwege Dion Graus, zijn strafblad, zijn antidemocratische organisatie, zijn islamhaat, zijn LHBT-afkeer, zijn vriendschap met Orban, zijn corruptie, zijn normalisering van haatzaaiende retoriek etc.",1,,4
SnGlobe,@SnGlobe,"India-China to discuss Gogra-Hot Springs disengagement, Depsang is a 2013 legacy â€“ Hindustan Times https://zpr.io/MQPu8jQWtQBQ #SnGlobe #Top News  #TrendingIndia-China to discuss Gogra-Hot Springs disengagement, Depsang is a 2013 legacy - Hindustan Times...
Although the dates of the agreed 12th round of India-China senior commanders dialogue will be fixed through military channels, the discussion will be only limited to disengagement and de-escalation...
snglobe.com",,,
Mayank Chopra,@MayankC23167429,"This cigarette has been used only at the time of taking a shot, although in real life I donâ€™t touch cigarette or drink.
#life #photography #shooting #bike #Trending #actor #lifestyle #Bollywood #twitter #follow #like #Share #love",,,1
Our Shashank,@ourshashank,"https://twitter.com/ourshashank/status/1407201486732337155?s=09â€¦
@AdSense
 @GoogleAds
 @Google
 #googleads 
@googledevs
 #trending #Twitter #viralQuote Tweet
Our Shashank
@ourshashank
 Â· Jun 22
@GoogleAds after saying we refund within a week now more than 1 month will be over from today   I can't receive any payment from @GoogleAds  @Google  @googledevs @YouTube @instagram @narendramodi @PMOIndia @FBforCreators @GoogleAI @GooglePlay #support #Twitter  #googleads #Viral",,,
Lokesh Kumar Meena,@Lokeshbalot2000,"à¤–à¥à¤¦ à¤•à¥‹ à¤¤à¥‡à¤°à¤¾ à¤¸à¤®à¤ à¤•à¤°
à¤•à¤­à¥€ à¤•à¤¿à¤¸à¥€ à¤”à¤° à¤•à¤¾ à¤¨à¤¹à¥€ à¤¹à¥‹à¤¨à¥‡ à¤¦à¤¿à¤¯à¤¾à¥¤
#à¤¶à¤¾à¤¯à¤°à¤¾à¤‚à¤¶ #à¤¶à¤¾à¤¯à¤°à¥€ #à¤¹à¤¿à¤‚à¤¦à¥€_à¤¶à¤¬à¥à¤¦ #writer #shayari #poetry 
@Hindi_panktiyan
 @BotsHindi
 @_the_ice
 @i__am_aj1
 @kavitaaGhar
 @hindishyari
 @Urdu_Shaayarii
 @HindiLekh_In
 #à¤•à¤µà¤¿ #quotes #Trending #instadaily #à¤‡à¤¶à¥à¤•à¤¼ 
@Kavishala_Hindi
 #à¤®à¤¨ #à¤®à¥‹à¤¹à¤¬à¥à¤¬à¤¤",1,1,3
ğ“ğ“œğ“–_ğ“²ğ“½ğ“¼_ğ“ğ“´ğ“®ğ“µğ“ª,@AkelaIts,"à¤­à¤¾à¤œà¤ªà¤¾ à¤¸à¤°à¤•à¤¾à¤° à¤œà¤¬-à¤œà¤¬ à¤œà¤¨à¤¾à¤§à¤¾à¤° à¤–à¥‹à¤¤à¥€ à¤¹à¥à¤ˆ à¤¦à¤¿à¤–à¤¤à¥€ à¤¹à¥ˆ, à¤¤à¤¬-à¤¤à¤¬ à¤¸à¥€à¤®à¤¾ à¤ªà¤¾à¤° à¤¸à¥‡ à¤–à¤¼à¤¤à¤°à¤¾ à¤¬à¤¢à¤¼à¤¨à¥‡ à¤²à¤—à¤¤à¤¾ à¤¹à¥ˆà¥¤ à¤ªà¤¡à¥‹à¤¸à¥€ à¤®à¥à¤²à¥à¤• à¤¨à¤¹à¥€à¤‚ à¤šà¤¾à¤¹à¤¤à¤¾ à¤¹à¥ˆ, à¤¯à¥‡ à¤¸à¤°à¤•à¤¾à¤° à¤•à¤®à¤œà¥‹à¤° à¤¹à¥‹..#BJPExposedAgain #BJPLootingIndia #BjpDestroyedIndia #BJPkaKhel100KaTel #bjp4bihar #Trending #TREASURE #ODX",,,
365Trendies,@365trendiesNG,"Power Book II: Ghost : Season 1 Episode 6 [S1 E6] .....

#365trends #trending #ofofonobs #heist #365trendies https://365trendies.com.ng/power-book-ii-ghost-season-1-episode-6-s1-e6/?utm_source=ReviveOldPost&utm_medium=social&utm_campaign=ReviveOldPostâ€¦ #powerbookiiPower Book II: Ghost : Season 1 Episode 6 [S1 E6]
Advertisements Loading... Share the post
365trendies.com.ng",,,
365Trendies,@365trendiesNG,"Tiwa Savage â€“ #Attention .....

#365trends #trending #ofofonobs #heist #365trendies https://365trendies.com.ng/tiwa-savage-attention/?utm_source=ReviveOldPost&utm_medium=social&utm_campaign=ReviveOldPostâ€¦ #tiwasavageTiwa Savage â€“ Attention
Advertisements Loading... Share the post
365trendies.com.ng",,,
Leslar Lovers World,@L2WEnt,"L2w ""Diam Menakutkan Bergerak Mematikan""

â€œDOAKAN YANG TERBAIK BUAT LESLAR,SEMOGA BERJODOH DUNIA & AKHIRAT""

#leslar #l2w #leslarloversworld #rizkybillar #lestykejora #kitabersamal2w  #antv #youtube #lagudede #lagulestykejora #indosiar #antv #trending #trendingyoutube",,,3
Our Shashank,@ourshashank,"#fraud 
@GoogleAds
watch
https://twitter.com/Shivanjaliporje/status/1407203933567680514?s=09â€¦
 Watch 
@ourshashank
 @Google
 @GoogleAds
 @ourshashank
 #fraud #fake #Google #googleads #explore #viral #viralmore #trending #viraltwitter #twitter 
@YouTube
 @instagram
 @Twitter
 @YouTubeCreators
 @GooglePlay
 #socialmedia 
@googledevsQuote Tweet
Shiv
@Shivanjaliporje
 Â· Jun 22
@GoogleAds #fake click
https://twitter.com/ourshashank/status/1407201486732337155?s=19â€¦
@Google #inpaymentreturn
#twitter #tweetme #explore #googleads #Explore #viral #google @PMOIndia @narendramodi @GooglePlay @YouTube @ourshashank #ourshashank #DigitalMarketing #socialmedia",,,
